RUO — MASTER TASK MATRIX														
Hệ Thống Quản Lý Thiết Bị & Vật Tư Phòng Hành Chính			TIẾN ĐỘ HOÀN THÀNH			ĐỘ ƯU TIÊN			PHÂN BỔ NHÂN SỰ					
TỔNG CÔNG VIỆC: 87 NGHIỆP VỤ			7 / 87 (8.0%)			Must: 58 | Should: 28 | Could: 1			Hoàng: 18 | Uyên: 17 | Tùng: 17 | Nguyên: 17 | Quang: 18				
Epic	Phase	Feature	User Story	Actor	Priority	Status	Assignee	Type	Estimation	Dependency	Acceptance Criteria	API/DB Notes	Review Notes
System Bootstrap	Phase 0	Seed Data Initializer	As system, I want to initialize master data for equipment management	System	Must	Done	Hoàng	BE	M	none	Khởi tạo 3 tài khoản mẫu, 1 tòa nhà 5 tầng Tòa A1, 108 phòng CAD, kho thiết bị QR, danh mục loại TB, NCC, đơn vị sửa, kho linh kiện	npm run seed / seedDatabase.js	MongoDB users, rooms, equipments, parts
Authentication	Phase 1	UC-1.1: Login	As a user, I want to login so that I can access the system	Manager, Staff, Admin	Must	Done	Uyên	FE/BE	M	none	Đăng nhập bằng email/mã NV + password; cấp JWT Access Token (15p) + Refresh Token (7 ngày); ghi log IP & time	POST /api/auth/login	Collection users
Authentication	Phase 1	UC-1.2: Logout	As a user, I want to logout so that my session ends	Manager, Staff, Admin	Must	Done	Uyên	FE/BE	S	UC-1.1	Hủy token, xóa JWT tại client, đưa token vào blacklist; hỗ trợ logout all devices	POST /api/auth/logout	Token blacklist
Authentication	Phase 1	UC-1.3: Forgot Password	As a user, I want to reset my password via email	Manager, Staff	Should	Done	Uyên	FE/BE	M	none	Nhập email, gửi OTP 6 số (TTL 15 phút); giới hạn 3 lần/giờ	POST /api/auth/forgot-password	Nodemailer
Authentication	Phase 1	UC-1.4: Change Password	As a user, I want to change password	Manager, Staff, Admin	Must	Done	Uyên	FE/BE	S	UC-1.1	Nhập pass cũ + mới; validate >= 8 ký tự phức tạp; hủy session khác	POST /api/auth/change-password	BCrypt hash
Authentication	Phase 1	UC-1.5: Profile View	As a user, I want to view my profile	Manager, Staff, Admin	Must	Done	Uyên	FE/BE	S	UC-1.1	Họ tên, mã NV, email, phòng ban, SĐT, avatar	GET /api/auth/me	User profile
Authentication	Phase 1	UC-1.6: Update Profile	As a user, I want to update contact info	Manager, Staff	Should	Done	Uyên	FE/BE	S	UC-1.5	Sửa SĐT, avatar; khóa cứng mã NV, email, phòng ban	PUT /api/auth/me	Validation
Room & Facility	Phase 1	UC-2.1: Create Room	As admin, I want to add new room	Admin	Must	In Progress	Tùng	FE/BE	M	none	Mã phòng unique, tên, tòa nhà, tầng, sức chứa, loại phòng	POST /api/facilities/rooms	Collection rooms
Room & Facility	Phase 1	UC-2.2: Room List View	As a user, I want to browse rooms	Manager, Staff, Admin	Must	In Progress	Tùng	FE/BE	M	none	Bộ lọc: tòa nhà, tầng, loại, trạng thái; search tên/mã	GET /api/facilities/rooms	Indexes
Room & Facility	Phase 1	UC-2.3: Room Detail View	As a user, I want to see room with equipment	Manager, Staff, Admin	Must	In Progress	Tùng	FE/BE	M	UC-2.2	Thông số, danh sách thiết bị kèm serial, lịch sử bảo trì	GET /api/facilities/rooms/:code	Populated refs
Room & Facility	Phase 1	UC-2.4: Update Room Info	As admin, I want to update room specs	Admin	Must	In Progress	Tùng	FE/BE	M	UC-2.2	Sửa tên, loại, sức chứa; ghi log	PUT /api/facilities/rooms/:id	Audit log
Room & Facility	Phase 1	UC-2.5: Deactivate Room	As admin, I want to deactivate room	Admin	Should	In Progress	Tùng	FE/BE	S	UC-2.2	Soft INACTIVE; điều chuyển TB ra trước	PUT /api/facilities/rooms/:id/deactivate	Soft status
Room & Facility	Phase 1	UC-2.6: Update Room Status	As admin, I want to change room status	Admin	Must	In Progress	Tùng	FE/BE	M	UC-2.2	AVAILABLE <-> MAINTENANCE <-> INACTIVE	PUT /api/facilities/rooms/:id/status	Status toggle
Spatial CAD	Phase 1	UC-2.7: Room CAD Card	As a user, I want room info on CAD map	Manager, Staff, Admin	Must	In Progress	Tùng	FE	M	none	Mã phòng, tên, số TB, TB hỏng, trạng thái trên sơ đồ	FloorPlan2D Component	SVG Blueprint
Spatial CAD	Phase 1	CAD Mặt Bằng 2.5D	As a user, I want floor plan with equipment overlay	Manager, Staff, Admin	Must	In Progress	Tùng	FE/BE	L	none	Pods phòng 5 tầng, chỉ thị số thiết bị và trạng thái	GET /api/facilities/cad-canvas	Distribution overlay
User Mgmt	Phase 1	UC-10.1: Create User	As admin, I want to create user	Admin	Must	In Progress	Uyên	FE/BE	M	UC-1.1	Email/mã NV unique, vai trò; sinh password	POST /api/admin/users	Provisioning
User Mgmt	Phase 1	UC-10.2: User Directory	As admin, I want user list	Admin	Must	In Progress	Uyên	FE/BE	M	UC-10.1	Phân trang, filter, search	GET /api/admin/users	Index
User Mgmt	Phase 1	UC-10.3: User Detail	As admin, I want user activity	Admin	Should	In Progress	Uyên	FE/BE	S	UC-10.2	Thông tin, login history, phiếu đã tạo	GET /api/admin/users/:id	Activity
User Mgmt	Phase 1	UC-10.4: Update User	As admin, I want to update user	Admin	Must	In Progress	Uyên	FE/BE	M	UC-10.2	Sửa info, đổi role → thu hồi JWT	PUT /api/admin/users/:id	RBAC update
User Mgmt	Phase 1	UC-10.5: Toggle Status	As admin, I want to lock/unlock	Admin	Must	In Progress	Uyên	FE/BE	S	UC-10.2	Active <-> Locked; soft lock	PUT /api/admin/users/:id/toggle-status	Status
User Mgmt	Phase 1	UC-10.6: Reset Password	As admin, I want to reset password	Admin	Should	In Progress	Uyên	FE/BE	S	UC-10.2	Random password, force change	POST /api/admin/users/:id/reset-password	Force reset
Catalog	Phase 1	UC-11.1: Category CRUD	As admin, I want equipment types	Admin	Must	In Progress	Quang	FE/BE	M	none	CRUD loại TB	CRUD /api/admin/categories	Master data
Catalog	Phase 1	UC-11.2: Room CRUD	As admin, I want rooms	Admin	Must	In Progress	Quang	FE/BE	M	none	CRUD phòng, tòa nhà	CRUD /api/admin/buildings	Master data
Catalog	Phase 1	UC-11.3: Supplier CRUD	As admin, I want suppliers	Admin	Should	In Progress	Quang	FE/BE	S	none	CRUD NCC	CRUD /api/admin/suppliers	Master data
Catalog	Phase 1	UC-11.4: Repair Unit CRUD	As admin, I want repair providers	Admin	Should	In Progress	Quang	FE/BE	S	none	CRUD đơn vị sửa	CRUD /api/admin/repair-units	Master data
RBAC	Phase 1	UC-12.1: Roles Matrix	As admin, I want RBAC overview	Admin	Must	In Progress	Hoàng	FE/BE	M	UC-1.1	3 vai trò, user count, permissions	GET /api/admin/roles	Dynamic RBAC
RBAC	Phase 1	UC-12.2: Update Perms	As admin, I want to modify perms	Admin	Must	In Progress	Hoàng	FE/BE	M	UC-12.1	Tick/untick; cảnh báo users	PUT /api/admin/roles/:id/permissions	Live policy
Equipment	Phase 2	UC-3.1: Create Equipment	As staff, I want to add equipment	Staff, Admin	Must	In Progress	Hoàng	FE/BE	M	none	Mã tài sản unique, QR, serial, hãng, model, giá, ngày mua, BH, phòng	POST /api/equipments	Collection equipments
Equipment	Phase 2	UC-3.2: Equipment Directory	As a user, I want to search equipment	Manager, Staff, Admin	Must	In Progress	Hoàng	FE/BE	M	none	Lọc chủng loại, trạng thái, phòng, giá trị; search tên/mã	GET /api/equipments	Pagination
Equipment	Phase 2	UC-3.3: Equipment Detail	As a user, I want full equipment info	Manager, Staff, Admin	Must	In Progress	Hoàng	FE/BE	M	UC-3.2	Specs, hãng, model, serial, điều chuyển, sửa chữa, BH, khấu hao	GET /api/equipments/:id	Life-cycle
Equipment	Phase 2	UC-3.4: Update Equipment	As staff, I want to update equipment	Staff, Admin	Should	In Progress	Hoàng	FE/BE	S	UC-3.2	Cập nhật specs; đổi phòng → auto Transfer Log	PUT /api/equipments/:id	Movement tracking
Equipment	Phase 2	UC-3.5: Lifecycle Timeline	As a user, I want equipment history timeline	Manager, Staff, Admin	Must	In Progress	Hoàng	FE/BE	M	UC-3.3	Nhập → phân bổ → điều chuyển → hỏng → sửa → BH → thanh lý	GET /api/equipments/:id/lifecycle	Aggregated
Equipment	Phase 2	UC-3.6: Batch Import	As staff, I want to import equipment from Excel	Staff, Admin	Must	In Progress	Hoàng	FE/BE	L	none	Upload Excel/CSV >100 dòng; validate, preview grid, chống trùng mã	POST /api/equipments/import	Bulk onboarding
Equipment	Phase 2	UC-3.7: Batch Validation	As system, I want to validate import data	System	Must	In Progress	Hoàng	BE	M	UC-3.6	Kiểm tra mã trùng, loại TB, phòng, giá trị; lỗi chi tiết theo dòng	POST /api/equipments/import/validate	Row-level errors
Equipment	Phase 2	UC-3.8: Asset Disposal	As manager, I want to dispose asset	Manager, Admin	Should	In Progress	Hoàng	FE/BE	M	UC-3.3	DISPOSED, số QĐ, lý do, giá trị thu hồi	PUT /api/equipments/:id/dispose	Retirement
Equipment	Phase 2	UC-3.9: Inventory Session	As manager, I want to start inventory audit	Manager	Must	In Progress	Hoàng	FE/BE	M	none	Draft/InProgress/Completed; theo phòng/tòa nhà	POST /api/inventory-sessions	Collection inventory_sessions
Equipment	Phase 2	UC-3.10: QR Scan Stocktaking	As staff, I want to scan items in audit	Staff	Must	In Progress	Hoàng	FE/BE	M	UC-3.9	Quét QR: Khớp/Thất lạc/Hỏng/Sai vị trí; đã quét/chưa	PUT /api/inventory-sessions/:id/scan	QR reconciliation
Equipment	Phase 2	UC-3.11: Inventory Report	As manager, I want inventory report	Manager	Must	In Progress	Hoàng	FE/BE	M	UC-3.9	PDF biên bản: đã quét, thất lạc, sai vị trí, chữ ký	GET /api/inventory-sessions/:id/export	PDF export
Equipment	Phase 2	QR Code & Scan	As a user, I want to scan QR	Manager, Staff, Admin	Must	In Progress	Hoàng	FE/BE	M	none	QR → tài sản, vị trí, giá, BH, lịch sử sửa	GET /api/equipments/qr/:qrCode	Sub-second lookup
Transfer	Phase 3	UC-4.1: Create Transfer	As staff, I want to request transfer	Staff	Must	In Progress	Quang	FE/BE	M	UC-3.2	Phiếu: thiết bị, từ phòng, đến phòng, lý do, người	POST /api/transfers	Collection transfers
Transfer	Phase 3	UC-4.2: Transfer Approval	As manager, I want to approve transfer	Manager	Must	In Progress	Quang	FE/BE	M	UC-4.1	Duyệt/từ chối; ghi lý do từ chối	PUT /api/transfers/:id/approve	Approval flow
Transfer	Phase 3	UC-4.3: Complete Transfer	As staff, I want to finalize transfer	Staff	Must	In Progress	Quang	FE/BE	M	UC-4.2	Hoàn tất, auto update phòng trong Equipment	PUT /api/transfers/:id/complete	Room update
Transfer	Phase 3	UC-4.4: Transfer History	As a user, I want transfer log	Manager, Staff, Admin	Must	In Progress	Quang	FE/BE	S	UC-4.1	Lịch sử: từ/đến phòng, ngày, người, lý do	GET /api/transfers/equipment/:id	Transfer log
Transfer	Phase 3	UC-4.5: Pending Transfers	As manager, I want pending queue	Manager	Should	In Progress	Quang	FE/BE	M	UC-4.1	Dashboard phiếu chờ duyệt	GET /api/transfers/pending	Manager queue
Repair	Phase 3	UC-5.1: Report Damage	As staff, I want to report damage	Staff	Must	In Progress	Nguyên	FE/BE	M	none	TB nào, phòng, mô tả, 5 ảnh, mức độ	POST /api/repairs	Collection repairs
Repair	Phase 3	UC-5.2: Repair List	As a user, I want all repair tickets	Manager, Staff, Admin	Must	In Progress	Nguyên	FE/BE	M	none	Lọc trạng thái, phòng, mức độ, hạn	GET /api/repairs	Filterable
Repair	Phase 3	UC-5.3: Assign Repair	As manager, I want to assign repair	Manager	Must	In Progress	Nguyên	FE/BE	M	UC-5.2	Giao việc; hiện workload NV	PUT /api/repairs/:id/assign	Balancing
Repair	Phase 3	UC-5.4: Accept Repair	As staff, I want to start repair	Staff	Must	In Progress	Nguyên	FE/BE	S	UC-5.3	Nhận việc → Đang sửa; nơi sửa, người mang đi	PUT /api/repairs/:id/accept	Timer start
Repair	Phase 3	UC-5.5: Log Repair	As staff, I want to log work	Staff	Must	In Progress	Nguyên	FE/BE	M	UC-5.4	Nội dung sửa, vật tư, chi phí, ảnh	PUT /api/repairs/:id/progress	Parts tracking
Repair	Phase 3	UC-5.6: Complete Repair	As staff, I want to finish repair	Staff	Must	In Progress	Nguyên	FE/BE	M	UC-5.4	Người mang về, phòng trả, BH sau sửa	PUT /api/repairs/:id/resolve	Return tracking
Repair	Phase 3	UC-5.7: Repair Timeline	As a user, I want visual repair progress	Manager, Staff, Admin	Should	In Progress	Nguyên	FE	S	UC-5.1	Báo hỏng → Giao việc → Đang sửa → Xong	Timeline Component	Visual stepper
Repair	Phase 3	UC-5.8: Repair History	As a user, I want repair log per equipment	Manager, Staff, Admin	Must	In Progress	Nguyên	FE/BE	M	UC-3.3	Tất cả sửa chữa: ngày, lỗi, nơi, chi phí	GET /api/repairs/equipment/:id	Repair log
Repair	Phase 3	UC-5.9: Overdue Repairs	As manager, I want overdue alerts	Manager	Should	In Progress	Nguyên	FE/BE	M	UC-5.2	TB quá hạn sửa; badge cảnh báo	GET /api/repairs/overdue	Overdue filter
Repair	Phase 3	UC-5.10: Parts Requisition	As staff, I want to request spare parts	Staff	Must	In Progress	Nguyên	FE/BE	M	UC-5.4	Phiếu xuất kho linh kiện; liên kết ticket sửa	POST /api/parts-requests	Parts request
Repair	Phase 3	UC-5.11: Parts Approval	As manager, I want to approve parts request	Manager	Must	In Progress	Nguyên	FE/BE	M	UC-5.10	Duyệt xuất kho; trừ tồn kho; ghi log	PUT /api/parts-requests/:id/approve	Stock deduction
Repair	Phase 3	UC-5.12: Parts Inventory	As admin, I want to manage spare parts stock	Admin	Must	In Progress	Nguyên	FE/BE	M	none	Tên, số lượng, đơn giá, NCC; cảnh báo hết	CRUD /api/parts	Collection spare_parts
Warranty	Phase 3	UC-6.1: Warranty Status	As a user, I want warranty info	Manager, Staff, Admin	Must	In Progress	Nguyên	FE/BE	M	UC-3.3	Hạn BH, còn/hết, NCC, liên hệ	Equipment warranty fields	Warranty display
Warranty	Phase 3	UC-6.2: Warranty Expiring	As manager, I want expiring warnings	Manager	Must	In Progress	Nguyên	FE/BE	M	none	TB hết BH trong 30/60/90 ngày	GET /api/equipments/warranty-expiring	Date filter
Warranty	Phase 3	UC-6.3: Post-Repair Warranty	As staff, I want to log warranty after repair	Staff	Should	In Progress	Nguyên	FE/BE	S	UC-5.6	BH mới sau sửa	PUT /api/repairs/:id (warranty)	Post-repair
Deadline	Phase 3	UC-7.1: Deadline Tracking	As a user, I want repair deadlines	Manager, Staff	Must	In Progress	Nguyên	FE/BE	M	UC-5.3	Người PTC, hạn dự kiến, còn lại	Repair deadline fields	Countdown
Deadline	Phase 3	UC-7.2: Deadline Warning	As manager, I want early warning	Manager	Must	In Progress	Nguyên	BE	M	UC-7.1	ON_TRACK/AT_RISK/OVERDUE	Background checker	SLA-lite
Preventive	Phase 3	UC-7.3: Preventive Calendar	As staff, I want maintenance schedule	Staff, Manager	Should	In Progress	Quang	FE/BE	M	none	Lịch bảo dưỡng định kỳ; cảnh báo 3 ngày trước	GET /api/maintenance/plans	Collection maint_plans
Preventive	Phase 3	UC-7.4: Create Maint Plan	As manager, I want to create maint plan	Manager	Should	In Progress	Quang	FE/BE	M	UC-7.3	Nhóm phòng/TB, chu kỳ, checklist	POST /api/maintenance/plans	Checklist generator
Preventive	Phase 3	UC-7.5: Log Maint Result	As staff, I want to log maint checklist	Staff	Should	In Progress	Quang	FE/BE	M	UC-7.3	Tick mục, đánh giá; hỏng → auto ticket	PUT /api/maintenance/plans/:id/log	Inspection log
Preventive	Phase 3	UC-7.6: Room Maint History	As a user, I want room maintenance log	Manager, Staff	Should	In Progress	Quang	FE/BE	M	UC-2.3	Timeline sửa chữa phòng; tổng chi phí	GET /api/facilities/rooms/:code/maint-history	Room telemetry
RACI Disposal	Phase 3	UC-7.7: Disposal Proposal (R)	As staff, I want to propose disposal	Staff	Must	In Progress	Quang	FE/BE	L	UC-3.3	Tính R = sửa/giá trị; R>=60% → hồ sơ thanh lý	POST /api/disposals	Collection disposals
RACI Disposal	Phase 3	UC-7.8: HC Approve (A)	As manager, I want to review disposal	Manager	Must	In Progress	Quang	FE/BE	M	UC-7.7	Duyệt hoặc yêu cầu bổ sung	PUT /api/disposals/:id/hc-approve	Step 2
RACI Disposal	Phase 3	UC-7.9: BGH Approval (A)	As admin, I want final disposal decision	Admin	Must	In Progress	Quang	FE/BE	M	UC-7.8	Phê duyệt cuối cùng	PUT /api/disposals/:id/bgh-approve	Step 3
RACI Disposal	Phase 3	UC-7.10: Procurement (C)	As manager, I want replacement plan	Manager	Should	In Progress	Quang	FE/BE	M	UC-7.9	Dự trù mua sắm thay thế	POST /api/disposals/:id/procurement	Step 4
RACI Disposal	Phase 3	UC-7.11: New Receipt (I)	As staff, I want to receive replacement	Staff	Should	In Progress	Quang	FE/BE	M	UC-7.10	Nhập kho mới; gắn QR	PUT /api/disposals/:id/receipt	Step 5
Dashboard	Phase 4	UC-8.1: KPI Cards	As manager, I want dashboard overview	Manager, Admin	Must	In Progress	Tùng	FE/BE	M	none	TB hoạt động/hỏng/sửa, BH sắp hết, phiếu mở	GET /api/dashboard/kpi	Aggregation
Dashboard	Phase 4	UC-8.2: Repair Cost Agg	As manager, I want repair cost trends	Manager, Admin	Must	In Progress	Tùng	FE/BE	M	none	Chi phí tích lũy tháng/quý/năm; trung bình	GET /api/dashboard/repair-cost	Chart data
Dashboard	Phase 4	UC-8.3: Health Score	As manager, I want equipment health index	Manager, Admin	Should	In Progress	Tùng	FE/BE	M	UC-3.3	Số lần hỏng, chi phí lũy kế, MTBF	GET /api/dashboard/health-score	MTBF calc
Reports	Phase 4	UC-8.4: By Room	As manager, I want equipment per room	Manager, Admin	Must	In Progress	Tùng	FE/BE	M	none	TB theo phòng, theo tình trạng	GET /api/reports/by-room	Grouping
Reports	Phase 4	UC-8.5: By Status	As manager, I want status breakdown	Manager, Admin	Must	In Progress	Tùng	FE/BE	M	none	Hoạt động/đang sửa/chờ TL/đã TL	GET /api/reports/by-status	Charts
Reports	Phase 4	UC-8.6: Repair Frequency	As manager, I want failure frequency	Manager, Admin	Should	In Progress	Tùng	FE/BE	M	none	Hỏng theo loại TB/theo phòng	GET /api/reports/repair-frequency	Analytics
Reports	Phase 4	UC-8.7: Warranty Report	As manager, I want warranty report	Manager, Admin	Should	In Progress	Tùng	FE/BE	S	UC-6.2	TB sắp hết BH	GET /api/reports/warranty-expiring	Consolidated
Reports	Phase 4	UC-8.8: Overdue Report	As manager, I want overdue repairs report	Manager, Admin	Must	In Progress	Tùng	FE/BE	M	UC-5.9	TB quá hạn sửa	GET /api/reports/overdue-repairs	Alert report
Reports	Phase 4	UC-8.9: PDF/Excel Export	As manager, I want to export reports	Manager, Admin	Must	In Progress	Tùng	FE/BE	M	none	PDF/Excel, logo, timestamp	GET /api/reports/export	PDFKit/ExcelJS
Notifications	Phase 4	UC-9.1: Notification Center	As a user, I want notifications	Manager, Staff, Admin	Must	In Progress	Uyên	FE/BE	M	none	Duyệt phiếu, sự cố, deadline, BH; badge đỏ	GET /api/notifications	Real-time badge
Notifications	Phase 4	UC-9.2: Mark Read	As a user, I want to mark read	Manager, Staff, Admin	Should	In Progress	Uyên	FE/BE	S	UC-9.1	Đánh dấu 1/tất cả đã đọc; badge update	PUT /api/notifications/read	Read state
Notifications	Phase 4	UC-9.3: Email Dispatcher	As system, I want auto email	System	Should	In Progress	Uyên	BE	M	none	HTML email: duyệt, BH, quá hạn; logo trường	services/emailService.js	Nodemailer
Notifications	Phase 4	UC-9.4: Template Builder	As admin, I want email templates	Admin	Should	In Progress	Uyên	FE/BE	M	UC-9.3	Placeholders {{userName}}, {{equipmentName}}	PUT /api/admin/config/templates	Template editor
Audit	Phase 4	UC-13.1: Audit Trail	As admin, I want audit logs	Admin	Must	In Progress	Hoàng	FE/BE	L	none	SHA-256 chain cho CRUD, duyệt, luân chuyển	GET /api/audit/logs	audit_logs
Audit	Phase 4	UC-13.2: Chain Verify	As admin, I want integrity check	Admin	Must	In Progress	Hoàng	BE	M	UC-13.1	SHA-256 genesis → current	GET /api/audit/verify-chain	Verification
Audit	Phase 4	UC-13.3: Audit Export	As admin, I want to export audit	Admin	Should	In Progress	Hoàng	FE/BE	M	UC-13.1	CSV/Excel, max 10K rows	GET /api/audit/export	Export
System	Phase 4	UC-14.1: Health Monitor	As admin, I want system health	Admin	Must	In Progress	Uyên	FE/BE	M	none	Users online, API reqs, open repairs, overdue	GET /api/health	Telemetry