STT	Phân hệ	Chi tiết chức năng
1	Khởi tạo hệ thống	Seed Data Initializer — Khởi tạo 3 tài khoản mẫu (Quản lý HC, Nhân viên HC, Admin), 1 tòa nhà 5 tầng (Tòa A1), 108 phòng CAD, kho thiết bị QR, danh mục loại thiết bị, nhà cung cấp, đơn vị sửa chữa mẫu, kho linh kiện mẫu
2	Xác thực & Hồ sơ cá nhân	UC-1.1: Login — Đăng nhập bằng email/mã nhân viên + password; cấp JWT Access Token (15p) + Refresh Token (7 ngày); ghi log IP & time
3	Xác thực & Hồ sơ cá nhân	UC-1.2: Logout — Hủy token hiện tại, xóa JWT tại client, đưa token vào blacklist; hỗ trợ logout all devices
4	Xác thực & Hồ sơ cá nhân	UC-1.3: Forgot Password — Nhập email, gửi OTP 6 số qua email (TTL 15 phút); giới hạn 3 lần/giờ chống spam
5	Xác thực & Hồ sơ cá nhân	UC-1.4: Change Password — Nhập pass cũ + mới; validate >= 8 ký tự, hoa, thường, số, ký tự đặc biệt; hủy các session khác
6	Xác thực & Hồ sơ cá nhân	UC-1.5: Profile View — Hiển thị họ tên, mã nhân viên, email, phòng ban, SĐT, avatar
7	Xác thực & Hồ sơ cá nhân	UC-1.6: Update Profile — Cho phép sửa SĐT, avatar URL; khóa cứng mã nhân viên, email trường, phòng ban (Admin mới sửa được)
8	Quản lý Không gian & CAD	UC-2.1: Create Room — Nhập mã phòng (unique), tên, tòa nhà, tầng, sức chứa > 0, loại phòng, upload ảnh
9	Quản lý Không gian & CAD	UC-2.2: Room List View — Danh sách phòng kèm bộ lọc: tòa nhà, tầng, loại phòng, trạng thái, khoảng sức chứa; search tên/mã
10	Quản lý Không gian & CAD	UC-2.3: Room Detail View — Toàn bộ thông số kỹ thuật phòng, danh sách thiết bị hiện có trong phòng kèm serial, lịch sử bảo trì phòng
11	Quản lý Không gian & CAD	UC-2.4: Update Room Info — Sửa tên, loại, sức chứa; ghi log thay đổi
12	Quản lý Không gian & CAD	UC-2.5: Deactivate Room — Không xóa cứng bản ghi; chuyển status = INACTIVE; yêu cầu điều chuyển thiết bị ra trước
13	Quản lý Không gian & CAD	UC-2.6: Update Room Status — Chuyển đổi AVAILABLE <-> MAINTENANCE <-> INACTIVE
14	Quản lý Không gian & CAD	UC-2.7: Room CAD Card — Hiển thị mã phòng, tên, loại phòng, sức chứa, số thiết bị hiện có, thiết bị hỏng, trạng thái phòng trên sơ đồ mặt bằng
15	Quản lý Không gian & CAD	CAD Mặt Bằng Tầng 2.5D — Hiển thị pods phòng trên sơ đồ mặt bằng 5 tầng Tòa A1, hành lang trung tâm, chỉ thị số thiết bị và trạng thái theo phòng
16	Quản lý Thiết bị & Vật tư	UC-3.1: Create Equipment — Nhập mã tài sản (unique), mã QR bất biến, serial, tên, loại, hãng, model, nguyên giá, ngày mua, hạn BH, phòng hiện tại
17	Quản lý Thiết bị & Vật tư	UC-3.2: Equipment Directory — Lọc theo chủng loại, trạng thái (AVAILABLE/UNDER_MAINTENANCE/PENDING_DISPOSAL/DISPOSED), phòng, khoảng giá trị; search tên/mã
18	Quản lý Thiết bị & Vật tư	UC-3.3: Equipment Detail — Thông số kỹ thuật, hãng, model, serial, lịch sử điều chuyển vị trí, lịch sử sửa chữa, hạn bảo hành, tỷ lệ khấu hao
19	Quản lý Thiết bị & Vật tư	UC-3.4: Update Equipment Info — Cập nhật thông số kỹ thuật; nếu đổi vị trí phòng thì tự động ghi nhật ký điều chuyển (Transfer Log)
20	Quản lý Thiết bị & Vật tư	UC-3.5: Equipment Lifecycle Timeline — Dòng thời gian tổng hợp toàn bộ quá trình: nhập về, phân bổ phòng, điều chuyển, hỏng, sửa chữa, bảo hành, thanh lý
21	Quản lý Thiết bị & Vật tư	UC-3.6: Batch Equipment Import — Upload Excel/CSV nhập hàng loạt thiết bị (>100 dòng); validate cú pháp, chống trùng mã; hiển thị Preview Grid trước khi import
22	Quản lý Thiết bị & Vật tư	UC-3.7: Batch Import Validation — Kiểm tra từng dòng: mã tài sản trùng, loại TB không tồn tại, phòng không hợp lệ, giá trị âm; hiển thị lỗi chi tiết theo dòng
23	Quản lý Thiết bị & Vật tư	UC-3.8: Asset Disposal Decision — Chuyển trạng thái DISPOSED; ghi nhận số quyết định thanh lý, lý do, ngày hoàn tất, giá trị thu hồi
24	Quản lý Thiết bị & Vật tư	UC-3.9: Inventory Audit Session — Khởi tạo đợt kiểm kê chính thức (trạng thái Draft/InProgress/Completed) theo phòng hoặc tòa nhà; ghi thời gian bắt đầu/kết thúc
25	Quản lý Thiết bị & Vật tư	UC-3.10: QR Scan Stocktaking — Quét từng thiết bị trong đợt kiểm kê; đối soát thực tế: Khớp, Thất lạc, Hỏng, Sai vị trí; đánh dấu đã quét/chưa quét
26	Quản lý Thiết bị & Vật tư	UC-3.11: Inventory Report Export — Xuất biên bản kiểm kê chính thức PDF: danh sách đã quét, thiết bị thất lạc, thiết bị sai vị trí, chữ ký xác nhận
27	Quản lý Thiết bị & Vật tư	QR Code Generator & Scan — Quét mã QR ra thông tin tài sản, vị trí, nguyên giá, hạn bảo hành, tra cứu nhanh lịch sử sửa chữa
28	Điều chuyển thiết bị	UC-4.1: Create Transfer Request — Tạo phiếu luân chuyển: thiết bị nào, từ phòng nào, đến phòng nào, lý do, người thực hiện
29	Điều chuyển thiết bị	UC-4.2: Transfer Approval — Quản lý HC duyệt/từ chối phiếu luân chuyển; ghi lý do nếu từ chối
30	Điều chuyển thiết bị	UC-4.3: Complete Transfer — Hoàn tất điều chuyển, tự động cập nhật phòng hiện tại của thiết bị trong Equipment record
31	Điều chuyển thiết bị	UC-4.4: Transfer History — Xem lịch sử luân chuyển của từng thiết bị: từ phòng nào, đến phòng nào, ngày giờ, người thực hiện, lý do
32	Điều chuyển thiết bị	UC-4.5: Pending Transfer Queue — Dashboard danh sách phiếu luân chuyển đang chờ duyệt cho Quản lý HC
33	Hư hỏng & Sửa chữa	UC-5.1: Report Damage — Ghi nhận báo hỏng: thiết bị nào, thuộc phòng nào, mô tả lỗi, tối đa 5 ảnh hiện trường, mức độ (Low/Med/High/Critical)
34	Hư hỏng & Sửa chữa	UC-5.2: Repair Ticket List — Danh sách toàn bộ phiếu sửa chữa; lọc trạng thái (Chờ sửa/Đang sửa/Đã xong), phòng, mức độ, thời hạn
35	Hư hỏng & Sửa chữa	UC-5.3: Assign Repair — Quản lý giao việc sửa chữa cho nhân viên HC; hiển thị workload hiện tại để tránh quá tải
36	Hư hỏng & Sửa chữa	UC-5.4: Accept & Start Repair — Nhân viên nhận việc, chuyển trạng thái Đang sửa; ghi nơi sửa (nội bộ/gửi ngoài), người mang đi
37	Hư hỏng & Sửa chữa	UC-5.5: Log Repair Details — Ghi nội dung sửa cụ thể (thay màn hình, sửa dây nguồn...), vật tư đã dùng, chi phí, ảnh trước/sau sửa
38	Hư hỏng & Sửa chữa	UC-5.6: Complete Repair — Hoàn tất sửa chữa: ghi người mang thiết bị về, phòng trả lại (có thể khác phòng gốc), hạn bảo hành sau sửa
39	Hư hỏng & Sửa chữa	UC-5.7: Repair Timeline — Dòng thời gian trực quan: Báo hỏng → Giao việc → Đang sửa → Hoàn tất; ghi nhận thời gian từng giai đoạn
40	Hư hỏng & Sửa chữa	UC-5.8: Repair History per Equipment — Lịch sử tất cả các lần sửa chữa của từng thiết bị: ngày, lỗi gì, sửa ở đâu, chi phí, ai sửa
41	Hư hỏng & Sửa chữa	UC-5.9: Overdue Repair Alert — Danh sách thiết bị quá hạn sửa chữa (deadline - now > 0); badge cảnh báo cho Quản lý
42	Hư hỏng & Sửa chữa	UC-5.10: Parts Requisition — Lập phiếu yêu cầu xuất kho linh kiện thay thế khi sửa chữa cần vật tư; liên kết ticket sửa
43	Hư hỏng & Sửa chữa	UC-5.11: Parts Requisition Approval — Quản lý duyệt phiếu xuất kho linh kiện; trừ tồn kho khi duyệt; ghi log
44	Hư hỏng & Sửa chữa	UC-5.12: Parts Inventory — Quản lý kho linh kiện thay thế: tên, số lượng tồn, đơn giá, nhà cung cấp; cảnh báo hết hàng
45	Bảo hành	UC-6.1: Warranty Tracking — Hiển thị hạn bảo hành từng thiết bị, còn hiệu lực hay đã hết, nhà cung cấp bảo hành, liên hệ
46	Bảo hành	UC-6.2: Warranty Expiring Alert — Danh sách thiết bị sắp hết bảo hành trong 30/60/90 ngày tới
47	Bảo hành	UC-6.3: Warranty After Repair — Ghi nhận hạn bảo hành mới sau mỗi lần sửa chữa (nếu có)
48	Thời hạn xử lý	UC-7.1: Repair Deadline Tracking — Người phụ trách, thời hạn dự kiến hoàn thành, thời gian còn lại
49	Thời hạn xử lý	UC-7.2: Deadline Warning — 3 cấp cảnh báo: ON_TRACK (xanh), AT_RISK (cam, gần hạn), OVERDUE (đỏ, quá hạn)
50	Bảo trì dự phòng	UC-7.3: Preventive Calendar — Lịch bảo dưỡng định kỳ (điện lạnh, máy chiếu, an toàn điện); cảnh báo trước 3 ngày khi đến hạn
51	Bảo trì dự phòng	UC-7.4: Create Maint. Plan — Chọn nhóm phòng/thiết bị, chu kỳ (tháng/quý/năm), checklist kỹ thuật; đối chiếu lịch
52	Bảo trì dự phòng	UC-7.5: Log Maint. Result — Tick từng mục checklist, đánh giá Tốt / Cần theo dõi / Nguy cơ hỏng; nếu hỏng nặng tự tạo ticket sửa
53	Bảo trì dự phòng	UC-7.6: Room Maintenance History — Dòng thời gian sửa chữa điện nước, điều hòa, bảo dưỡng định kỳ của phòng; tổng chi phí vật tư
54	Thanh lý RACI 5 bước	UC-7.7: Disposal Proposal (R) — Khảo sát máy hỏng nặng, tính tỷ lệ R = (chi phí sửa / giá trị còn lại) × 100; nếu R >= 60% lập hồ sơ thanh lý
55	Thanh lý RACI 5 bước	UC-7.8: HC Approve Disposal (A) — Phòng HC xét duyệt hồ sơ thanh lý; duyệt hoặc yêu cầu bổ sung chứng từ
56	Thanh lý RACI 5 bước	UC-7.9: BGH Final Approval (A) — Ban Giám Hiệu phê duyệt cuối cùng quyết định thanh lý tài sản
57	Thanh lý RACI 5 bước	UC-7.10: Procurement Plan (C) — Dự trù mua sắm thiết bị thay thế; tham vấn nhu cầu sử dụng
58	Thanh lý RACI 5 bước	UC-7.11: New Asset Receipt (I) — Thủ kho tiếp nhận, nhập kho thiết bị mới thay thế; gắn QR mới
59	Dashboard & KPI	UC-8.1: Dashboard KPI Cards — Tổng TB hoạt động / đang sửa / chờ thanh lý; TB mới nhập trong tháng; BH sắp hết; phiếu sửa đang mở
60	Dashboard & KPI	UC-8.2: Repair Cost Aggregation — Tổng chi phí sửa chữa tích lũy theo tháng/quý/năm; chi phí trung bình mỗi lần sửa
61	Dashboard & KPI	UC-8.3: Equipment Health Score — Chỉ số sức khỏe thiết bị dựa trên: số lần hỏng, tổng chi phí sửa lũy kế, tuổi thọ còn lại (MTBF)
62	Báo cáo & Thống kê	UC-8.4: Equipment by Room Report — Danh sách thiết bị theo từng phòng, theo tình trạng
63	Báo cáo & Thống kê	UC-8.5: Equipment by Status Report — Thống kê thiết bị theo trạng thái: hoạt động, đang sửa, chờ thanh lý, đã thanh lý
64	Báo cáo & Thống kê	UC-8.6: Repair Frequency Report — Tần suất hỏng theo loại thiết bị hoặc theo phòng
65	Báo cáo & Thống kê	UC-8.7: Warranty Expiring Report — Danh sách thiết bị sắp hết bảo hành
66	Báo cáo & Thống kê	UC-8.8: Overdue Repair Report — Danh sách thiết bị quá hạn sửa chữa
67	Báo cáo & Thống kê	UC-8.9: PDF/Excel Exporter — Xuất báo cáo PDF/Excel chuẩn in ấn có tiêu đề trường, logo, timestamp
68	Thông báo & Email	UC-9.1: In-app Notification Center — Trung tâm thông báo: duyệt phiếu, sự cố cập nhật, nhắc deadline, cảnh báo BH hết hạn; badge đỏ
69	Thông báo & Email	UC-9.2: Mark Notifications Read — Đánh dấu 1 hoặc tất cả thông báo đã đọc; cập nhật badge chưa đọc trên thanh điều hướng
70	Thông báo & Email	UC-9.3: Email Dispatcher — Gửi email HTML tự động qua Nodemailer (Ethereal/Gmail SMTP) khi: duyệt phiếu, cảnh báo BH, quá hạn sửa; gắn logo trường
71	Thông báo & Email	UC-9.4: Notification Template Builder — Soạn thảo mẫu thông báo Email/In-app với placeholders động {{userName}}, {{equipmentName}}, {{deadline}}
72	Quản trị Người dùng	UC-10.1: Create User — Nhập email/mã nhân viên (unique), họ tên, SĐT, chọn vai trò (manager/staff/admin); sinh mật khẩu ngẫu nhiên
73	Quản trị Người dùng	UC-10.2: User Directory — Phân trang danh sách user; filter theo vai trò, trạng thái (Active/Locked); tìm kiếm theo họ tên/mã NV
74	Quản trị Người dùng	UC-10.3: User Detail View — Xem thông tin tài khoản, lịch sử đăng nhập gần nhất, các phiếu sửa chữa/luân chuyển đã tạo
75	Quản trị Người dùng	UC-10.4: Update User Info & Role — Sửa thông tin, điều chỉnh vai trò; khi thay đổi role thu hồi JWT token hiện tại
76	Quản trị Người dùng	UC-10.5: Toggle User Status — Khóa/mở tài khoản (Active <-> Locked); không xóa cứng bản ghi
77	Quản trị Người dùng	UC-10.6: Admin Reset Password — Sinh mật khẩu ngẫu nhiên an toàn; gửi thông báo; gắn cờ bắt buộc đổi mật khẩu
78	Quản trị Danh mục	UC-11.1: Equipment Category CRUD — Quản lý danh mục loại thiết bị (TV, Máy chiếu, Bàn, Ghế, Máy lạnh...)
79	Quản trị Danh mục	UC-11.2: Room Directory CRUD — Quản lý danh sách phòng, tòa nhà
80	Quản trị Danh mục	UC-11.3: Supplier CRUD — Quản lý nhà cung cấp thiết bị
81	Quản trị Danh mục	UC-11.4: Repair Unit CRUD — Quản lý đơn vị sửa chữa (tên, địa chỉ, SĐT, chuyên môn)
82	Phân quyền RBAC	UC-12.1: Roles Matrix View — Hiển thị ma trận 3 vai trò chuẩn; đếm số user đang gán; hiển thị danh sách permissions
83	Phân quyền RBAC	UC-12.2: Update Role Permissions — Tick/untick quyền; cảnh báo số lượng user bị ảnh hưởng
84	An Ninh & Kiểm Toán	UC-13.1: Immutable Audit Trail — Ghi nhận nhật ký bất biến SHA-256 (prevHash -> sha256Hash) cho mọi thao tác CRUD, duyệt phiếu, luân chuyển
85	An Ninh & Kiểm Toán	UC-13.2: Cryptographic Verification — Kiểm tra tính toàn vẹn chuỗi băm SHA-256; phát hiện ngay nếu dữ liệu bị can thiệp
86	An Ninh & Kiểm Toán	UC-13.3: Audit Log Export — Xuất CSV/Excel nhật ký kiểm toán theo khoảng thời gian (tối đa 10.000 dòng/lần)
87	Giám sát Hệ thống	UC-14.1: System Health Monitor — Dashboard giám sát số user online, số request API/phút, số phiếu sửa đang mở, cảnh báo quá hạn